name,id,designation,tech/manufacturer,system id,fleet pts,hitpoints,armor rating,max flux,8/6/5/4%,flux dissipation,ordnance points,fighter bays,max speed,acceleration,deceleration,max turn rate,turn acceleration,mass,shield type,defense id,shield arc,shield upkeep,shield efficiency,phase cost,phase upkeep,min crew,max crew,cargo,fuel,fuel/ly,range,max burn,base value,cr %/day,CR to deploy,peak CR sec,CR loss/sec,supplies/rec,supplies/mo,c/s,c/f,f/s,f/f,crew/s,crew/f,hints,tags,logistics n/a reason,codex variant id,rarity,breakProb,minPieces,maxPieces,travel drive,number
DEM Drone (hardpoint),dem_drone_hardpoint,,,,,10000000,0,100000,,100000,,,100,100,100,100,100,100,NONE,,,,,,,,,,,,,,,,,,,,,,,,,,,,"restricted, no_sell",,,,0,,,,
,,,,,,,,,,,,,,,,,,,,,,,,,,,,,,,,,,,,,,,,,,,,,,,,,,,,,,,
Duck (deprecated),tp_duck,Destroyer,Pirate,maneuveringjets,11,4666,650,5000,3333,283,100,,80,66,43,33,56,400,OMNI,,140,0.36,0.86,,,60,100,90,90,3,30,9,38000,5,11,380,0.25,11,11,,,,,,,,,,,,0.4,2,3,,
Rotflower (deprecated),tp_rotflower,Destroyer,Pirate,tp_attack_burn,12,4666,650,5000,3333,283,100,,80,66,43,33,56,400,OMNI,,140,0.36,0.86,,,60,100,90,90,3,30,9,38000,5,11,380,0.25,12,12,,,,,,,,,,,,0.4,2,3,,
New capital,tp_new_capital,,,lidararray,1,18000,3500,18000,,900,999,,33,15,15,6,80,4000,PHASE,canister_flak,0,0,0,,,10,40,50,40,2,,8,20000,,,,,1,1,,,,,,,,,,,,,,,,
Cruiser (deprecated),tp_new_cruiser,,,tp_microburn,20,6000,750,5000,8000,400,150,2,80,70,50,20,25,800,OMNI,,180,0.4,0.9,,,100,180,120,100,3,33,9,80000,4,12,480,0.25,20,20,,,,,,,,,,,,0.5,2,3,,
,,,,,,,,,,,,,,,,,,,,,,,,,,,,,,,,,,,,,,,,,,,,,,,,,,,,,,,
Rapacious,tp_rapacious_og,Battlecruiser,Pirate,tp_infernium_burner,30,9000,900,11000,,800,292,,70,50,40,8,80,4000,OMNI,,180,0.5,1,,,400,800,100,250,8,56,8,330000,4,20,600,0.25,45,45,,,,,,,,,,,,0.5,2,4,,
Rapacious,tp_rapacious,Battlecruiser,Pirate,tp_infernium_burner,30,9000,900,11000,,800,292,,70,50,40,8,80,4000,OMNI,,180,0.5,1,,,400,800,100,250,8,56,8,330000,4,20,600,0.25,45,45,,,,,,,,,,,,0.5,2,4,,
Stormcrow,tp_stormcrow,Strike Frigate,Pirate,tp_frag_emp,8,1250,300,2500,2813,225,60,,180,200,175,90,270,400,OMNI,,180,0.2,0.8,,,15,25,30,20,1,20,11,36000,10,20,360,0.25,8,8,,,,,,,,,,,,0.4,2,2,,
Charger,tp_charger,Destroyer,Midline,tp_attack_burn,11,5000,600,5000,3333,250,110,,70,70,50,25,40,350,OMNI,,140,0.30,0.85,,,60,100,90,90,3,30,9,38000,5,10,380,0.25,11,11,,,,,,,,,,,,0.4,2,3,,
Swoop,tp_swoop,,,tp_microburn,20,6000,750,5000,8000,400,150,2,80,70,50,20,25,800,OMNI,,180,0.4,0.9,,,100,180,120,100,3,33,9,80000,4,12,480,0.25,20,20,,,,,,,,,,,,0.5,2,3,,
