name,id,tier,rarity,base value,range,damage/second,damage/shot,emp,impact,turn rate,OPs,ammo,ammo/sec,reload size,type,energy/shot,energy/second,chargeup,chargedown,burst size,burst delay,min spread,max spread,spread/shot,spread decay/sec,beam speed,proj speed,launch speed,flight time,proj hitpoints,autofireAccBonus,extraArcForAI,hints,tags,groupTag,tech/manufacturer,for weapon tooltip>>,primaryRoleStr,speedStr,trackingStr,turnRateStr,accuracyStr,customPrimary,customPrimaryHL,customAncillary,customAncillaryHL,noDPSInTooltip,number,numOfBeams
Heavy Mortar,heavymortar,0,,600,700,,110,,12,30,7,,,,HIGH_EXPLOSIVE,90,,0,0.7,2,0.3,0,20,5,5,,500,,,30,,,,"he11, base_bp, merc, ind",,,,Anti Armor,,,,,,,,,,3.9,
Heavy Mauler,heavymauler,3,0.3,2000,1000,,200,,10,20,12,,,,HIGH_EXPLOSIVE,200,,0,4.4,3,0.3,0,5,1,10,,900,,,30,,,,"he16, LR, remnant, rare_bp, merc, ind",,,,Anti Armor,,,,,,,,,,4.75,
Heavy Autocannon,heavyac,1,,1000,800,,100,,10,7,10,,,,KINETIC,90,,0,1,3,0.2,0,18,3,10,,800,,,30,,,,"kinetic14, lowtech_bp, merc, ind",,,,Anti Shield,,,,,,,,,,5,
Hypervelocity Driver,hveldriver,3,0.3,2250,1000,,275,400,40,10,13,,,,KINETIC,350,,0,2,1,,,,,,,1000,,,300,,,,"kinetic15, LR, remnant, rare_bp, merc, ind",,,,Anti Shield,,,,,,,,,,5.5,
Heavy Machine Gun,heavymg,2,,1200,450,,40,,3,40,10,,,,KINETIC,15,,0,0.2,4,0.1,0,5,1,15,,700,,,30,,,"PD,PD_ALSO","kinetic11, pd10, SR, midline_bp, merc, ind",,,,Point Defense,,,,,,,,,,3.85,
Flak Cannon,flak,1,,1000,500,,200,,10,40,8,,,,FRAGMENTATION,50,,0,1,1,,0,10,2,10,,700,,,30,,,PD,"pd13, SR, lowtech_bp, merc, ind",,,,Point Defense (Area),,,,,,,,,,4,
Burst PD Laser,pdburst,2,,600,500,350,,,0,100,6,4,0.5,,ENERGY,,200,0.1,0.1,0.3,0.1,,,,,10000,,,,,,,"PD,ANTI_FTR","pd9, beam6, rare_bp, merc, ind",,,,Point Defense,,,,,,,,,,19.6,
IR Autolance,irautolance,1,,1200,1000,500,,,0,50,8,40,2,10,FRAGMENTATION,,150,0,0,0.1,0,,,,,1000000,,,,,,,USE_LESS_VS_SHIELDS,"beam12, energy10, rare_bp, merc",,,,General,,,,,,,,,,21.5,
Thumper,shredder,0,,700,700,,100,,1,25,7,60,5,20,FRAGMENTATION,25,,0,0.55,20,0.05,0,7,1,20,,800,,,30,,,,"kinetic8, base_bp, ind",,,,General,,,,,,,,,,3.8,
,,,,,,,,,,,,,,,,,,,,,,,,,,,,,,,,,,,,,,,,,,,,,,,,,
Light Machine Gun,lightmg,0,,100,300,,25,,1,50,3,,,,KINETIC,3,,0,0.4,5,0.1,0,5,1,15,,600,,,10,,,PD,"pd6, kinetic3, SR, base_bp, ind",,,,Point Defense,,,,,,,,,,0.5,
Light Dual Machine Gun,lightdualmg,2,,400,300,,25,,1,50,5,,,,KINETIC,3,,0,0.2,5,0.1,0,5,1,15,,600,,,10,,,PD,"pd7, kinetic4, SR, lowtech_bp, merc, ind",,,,Point Defense,,,,,,,,,,0.7,
Light Autocannon,lightac,0,,125,700,,50,,3,20,4,,,,KINETIC,40,,0,0.5,1,,0,8,2,15,,800,,,20,,,,"kinetic6, base_bp, ind",,,,Anti Shield,,,,,,,,,,2,
Light Assault Gun,lightag,1,,300,700,,40,,3,40,5,,,,HIGH_EXPLOSIVE,40,,0,0.25,1,,0,5,1,5,,800,,,30,,,,"he6, lowtech_bp, midline_bp, merc, ind",,,,Anti Armor,,,,,,,,,,3,
Light Mortar,lightmortar,0,,75,600,,75,,4,30,2,,,,HIGH_EXPLOSIVE,50,,0,1,1,,0,15,3,10,,500,,,10,,,,"he6, base_bp, ind",,,,Anti Armor,,,,,,,,,,0.75,
Tactical Laser,taclaser,1,,200,1000,75,,,0,20,4,,,,ENERGY,,60,0.1,0.1,,,,,,,2400,,,,,,,,"beam9, LR, hightech_bp, midline_bp, merc, ind",,,,General,,,,,,,,,,18,
Vulcan Cannon,vulcan,1,,200,250,,25,,1,75,4,,,,FRAGMENTATION,1,,0,0.05,1,,0,15,1,15,,800,,,10,,,PD,"pd7, SR, lowtech_bp, merc, ind",,,,Point Defense,,,,,,,,,,1,
,,,,,,,,,,,,,,,,,,,,,,,,,,,,,,,,,,,,,,,,,,,,,,,,,
Hellbore Cannon,hellbore,0,,3000,900,,750,,200,5,16,,,,HIGH_EXPLOSIVE,750,,0,3,1,,0,10,5,10,,500,,,400,,,,"he18, lowtech_bp, merc, ind",,,,Anti Armor,,,,,,,,,,8,
Mjolnir Cannon,mjolnir,2,0.4,6000,900,,400,200,10,25,24,,,,ENERGY,500,,0,0.75,1,,0,5,1,10,,900,,,75,,,,"energy18, he17, kinetic17, remnant, rare_bp, hist1t, merc, ind",,,,General,,,,,,,,,,7.5,
Hephaestus Assault Gun,hephag,1,,4000,900,,120,,5,20,20,,,,HIGH_EXPLOSIVE,110,,0,0.25,1,,0,5,1,5,,800,,,50,,,,"he18, lowtech_bp, midline_bp, merc, ind",,,,Anti Armor,,,,,,,,,,7,
Gauss Cannon,gauss,3,,5000,1200,,700,,300,3,25,,,,KINETIC,1200,,1,1,,,,,,,,1200,,,400,,,,"kinetic20, LR, remnant, rare_bp, hist1t, merc, ind",,,,Anti Shield,,,,,,,,,,6,
High Intensity Laser,hil,1,,4500,1000,500,,,0,5,20,,,,HIGH_EXPLOSIVE,,400,0.1,0.1,,,,,,,2400,,,,,,,,"beam20, LR, hightech_bp, merc, ind",,,,Anti Armor,,,,,,,,,,24,
,,,,,,,,,,,,,,,,,,,,,,,,,,,,,,,,,,,,,,,,,,,,,,,,,
Mining Laser,mininglaser,0,,100,600,30,,,0,80,1,,,,ENERGY,,10,0,0.25,,,,,,,2400,,,,,,,PD,"beam0, energy0, pd0, base_bp, ind",,,,Point Defense,,,,,,,,,,16.5,
Mining Laser (OC),tp_mining_laser_oc,1,,200,450,75,,,1,100,3,,,,HIGH_EXPLOSIVE,,50,0.25,0.25,,,,,,,10000,,,,,,,"PD,ANTI_FTR",,,Pirate,,Point Defense,,,,Perfect,,,,,,,
Double Mining Laser,tp_double_mining_laser,0,,200,600,60,,,0,60,2,,,,ENERGY,,20,0,0.25,,,,,,,2400,,,,,,,PD,,,,,Point Defense,,,,,,,,,,,2
Double Mining Laser (OC),tp_double_mining_laser_oc,1,,200,450,150,,,2,100,6,,,,HIGH_EXPLOSIVE,,100,0.25,0.25,,,,,,,10000,,,,,,,"PD,ANTI_FTR",,,Pirate,,Point Defense,,,,Perfect,,,,,,,2
Triple Mining Laser,tp_triple_mining_laser,0,,200,600,90,,,0,60,3,,,,ENERGY,,30,0,0.25,,,,,,,2400,,,,,,,PD,,,,,Point Defense,,,,,,,,,,,3
Triple Mining Laser (OC),tp_triple_mining_laser_oc,1,,200,450,225,,,3,100,9,,,,HIGH_EXPLOSIVE,,150,0.25,0.25,,,,,,,10000,,,,,,,"PD,ANTI_FTR",,,Pirate,,Point Defense,,,,Perfect,,,,,,,3
Drake,tp_drake,1,,600,800,550,,,0,40,8,,,,HIGH_EXPLOSIVE,,650,0.1,0.2,0.6,1.1,,,,,10000,,,,,,,ANTI_FTR,,,,,Suppression,,,,,,,,,,,
Drake Battery,tp_drake_battery,1,,600,900,1650,,,0,40,24,,,,HIGH_EXPLOSIVE,,1815,0.1,0.2,0.6,1.1,,,,,10000,,,,,,,ANTI_FTR,,,,,Suppression,,,,,,,,,,,3
Overclocked Heavy Mortar,tp_overclockedheavymortar,0,,600,450,,110,,12,30,8,,,,HIGH_EXPLOSIVE,90,,0,0.23,1,0.1,0,30,5,5,,500,,,30,,,,,,Pirate,,Anti Armor,,,,,,,,,,,
Carronade,tp_carronade,1,,1000,450,,100,,10,50,6,,,,KINETIC,50,,0,0.50,1,,0,10,2,5,,800,,,30,,,,,,,,Anti Shield,,,,,,,,,,,